{
	"format_version": "1.8.0",
	"animations": {
		"animation.npc.walk": {
			"loop": true,
			"animation_length": 1,
			"bones": {
				"RightLeg": {
					"rotation": {
						"0.0": [35, 0, 0],
						"0.5": [-35, 0, 0],
						"1.0": [35, 0, 0]
					}
				},
				"LeftLeg": {
					"rotation": {
						"0.0": [-35, 0, 0],
						"0.5": [35, 0, 0],
						"1.0": [-35, 0, 0]
					}
				}
			}
		},
		"animation.npc.talk": {
			"loop": true,
			"animation_length": 1.2917,
			"bones": {
				"Head": {
					"rotation": {
						"0.0": [0, 0, 0],
						"0.1667": [2.5, 0, 0],
						"0.2917": [1.67303, 4.99788, 0.14579],
						"0.4167": [-1.67, 0, 0],
						"0.5417": [4.16825, -2.49894, -0.07276],
						"0.6667": [-1.8744, 2.49985, 0.02729],
						"0.7917": [3.75, 0, 0],
						"0.9167": [3.75119, -2.4994, -0.05457],
						"1.0417": [1.25119, 2.4994, 0.05457],
						"1.1667": [4.38, 0, 0],
						"1.2917": [-1.25, 0, 0]
					}
				}
			}
		},
		"animation.npc.sit_down": {
			"loop": "hold_on_last_frame",
			"animation_length": 1.2917,
			"bones": {
				"Head": {
					"rotation": {
						"0.0": [0, 0, 0],
						"0.75": [5, 0, 0],
						"0.8333": [17.5, 0, 0],
						"0.875": [11.25, 0, 0],
						"0.9167": [10, 0, 0],
						"1.1667": [-5, 0, 0]
					},
					"position": {
						"0.0": [0, 0, 0],
						"0.2917": [0, -3, 0],
						"0.5833": [0, -4.75, 0.8],
						"0.625": [0, -5, 0.7],
						"0.75": [0, -7, 1],
						"0.8333": [0, -9, 0],
						"1.0": [0, -9, 1],
						"1.1667": [0, -10, 2],
						"1.2917": [0, -11, 2]
					}
				},
				"Body": {
					"rotation": {
						"0.0": [0, 0, 0],
						"1.0": [-7.5, 0, 0],
						"1.125": [-10, 0, 0]
					},
					"position": {
						"0.0": [0, 0, 0],
						"0.2917": [0, -3, 0],
						"0.625": [0, -5, 0],
						"0.75": [0, -7, 0],
						"0.8333": [0, -9, 0]
					}
				},
				"RightArm": {
					"rotation": {
						"0.0": [0, 0, 0],
						"0.9167": [7.5, 0, 0]
					},
					"position": {
						"0.0": [0, 0, 0],
						"0.2917": [0, -3, 0],
						"0.625": [0, -5, 0],
						"0.75": [0, -7, 0],
						"0.8333": [0, -9, 0],
						"0.875": [0, -9.0811, 0.03649],
						"0.9583": [0, -9.9189, 0.41351],
						"1.0": [0, -10, 0.45],
						"1.0417": [0, -10, 0.75],
						"1.1667": [0, -10, 1.75],
						"1.2917": [0, -11, 1.75]
					}
				},
				"LeftArm": {
					"rotation": {
						"0.0": [0, 0, 0],
						"0.9167": [10, 0, 0]
					},
					"position": {
						"0.0": [0, 0, 0],
						"0.2917": [0, -3, 0],
						"0.625": [0, -5, 0],
						"0.75": [0, -7, 0],
						"0.8333": [0, -9, 0],
						"0.875": [0, -9.0811, 0.03649],
						"0.9583": [0, -9.9189, 0.41351],
						"1.0": [0, -10, 0.45],
						"1.0417": [0, -10, 0.75],
						"1.1667": [0, -10, 1.75],
						"1.2917": [0, -11, 1.75]
					}
				},
				"RightLeg": {
					"rotation": {
						"0.0": [0, 0, 0],
						"0.2917": [-27.5, 0, 0],
						"0.4167": [-37.26251, 4.55749, 5.96275],
						"0.625": [-52.26251, 4.55749, 5.96275],
						"0.75": [-64.5063, 9.07599, 8.1194],
						"0.8333": [-77.0063, 9.07599, 8.1194]
					},
					"position": {
						"0.0": [0, 0, 0],
						"0.2917": [0, 0, 0],
						"0.4167": [0, -1, 0],
						"0.625": [0, -3, 0],
						"0.75": [0, -5, 0],
						"0.8333": [0, -8, 0]
					}
				},
				"LeftLeg": {
					"rotation": {
						"0.0": [0, 0, 0],
						"0.2917": [-34.76905, -4.29357, -6.15518],
						"0.625": [-67.26905, -4.29357, -6.15518],
						"0.75": [-79.76905, -4.29357, -6.15518],
						"0.8333": [-82.26905, -4.29357, -6.15518]
					},
					"position": {
						"0.0": [0, 0, 0],
						"0.2917": [0, -3, 0],
						"0.625": [0, -5, 0],
						"0.75": [0, -7, 0],
						"0.8333": [0, -9, 0]
					}
				}
			}
		}
	}
}